function_name,complexity_level,coverage_percent
mixed_keyword,alta,0.06221807435059885
rgb_to_hsv,alta,0.05444081505677399
suppress_non_maximum,alta,0.0
convex_hull_bf,alta,0.16850728469953855
longest_common_subsequence,alta,0.06221807435059885
dijk,alta,0.07777259293824856
calc_profit,alta,0.06481049411520713
solve_simultaneous,alta,0.1944314823456214
dpll_algorithm,alta,0.15295276611188885
hill_climbing,alta,0.1062892103489397
diophantine,baixa,0.06740291387981542
convert_to_negative,baixa,0.0
check_polygon,baixa,0.025924197646082853
perfect,baixa,0.018146938352258
is_in_unit_circle,baixa,0.0
solution,baixa,0.0
solution,baixa,0.02851661741069114
solution,baixa,0.031109037175299423
score,baixa,0.0
strip,baixa,0.020739358116866283
transform,media,0.0
rgb_to_cmyk,media,0.04666355576294914
kth_largest_element,media,0.06740291387981542
longest_common_substring,media,0.04925597552755742
prim,media,0.10369679058433141
search,media,0.0
prims_algo,media,0.27479649504847825
is_geometric_series,media,0.04407113599834085
put,media,0.0
majority_vote,media,0.007777259293824856
